,index,longitude_x,latitude_x,Visibility (km),Year,Month,Day,latitude_y,longitude_y,Station Name,Mean Temp (C),data,Count,longitude,latitude,MonthDayYear
0,0,-114.01000000000006,51.11999999999998,42.57083333333333,2018,1,1,51.12,-114.01,CALGARY INTL A,-15.8,Weather,12,-1368.5659423908521,612.6612755217787,01/01/2018
1,1,-114.01000000000006,51.11999999999998,40.891666666666666,2018,1,2,51.12,-114.01,CALGARY INTL A,-4.5,Weather,30,-3421.16811305475,1531.043994917833,01/02/2018
2,2,-114.01000000000006,51.11999999999998,39.2125,2018,1,3,51.12,-114.01,CALGARY INTL A,-2.5,Weather,26,-2965.4846717363735,1326.5160349461166,01/03/2018
3,3,-114.01000000000006,51.11999999999998,40.891666666666666,2018,1,4,51.12,-114.01,CALGARY INTL A,-4.9,Weather,22,-2509.4297580230705,1122.8986194353918,01/04/2018
4,4,-114.01000000000006,51.11999999999998,40.891666666666666,2018,1,5,51.12,-114.01,CALGARY INTL A,-1.3,Weather,20,-2280.67059574997,1020.3196398906579,01/05/2018
5,5,-114.01000000000006,51.11999999999998,39.550000000000004,2018,1,6,51.12,-114.01,CALGARY INTL A,3.9,Weather,10,-1140.363940156026,510.5699754693126,01/06/2018
6,6,-114.01000000000006,51.11999999999998,40.020833333333336,2018,1,7,51.12,-114.01,CALGARY INTL A,-1.0,Weather,6,-684.52633532192,306.45931143616315,01/07/2018
7,7,-114.01000000000006,51.11999999999998,39.2125,2018,1,8,51.12,-114.01,CALGARY INTL A,1.1,Weather,10,-1140.710456336879,510.231418950976,01/08/2018
8,8,-114.01000000000006,51.11999999999998,16.370833333333337,2018,1,9,51.12,-114.01,CALGARY INTL A,-9.3,Weather,14,-1597.0600975375128,714.2485426671842,01/09/2018
9,9,-114.01000000000006,51.11999999999998,10.5875,2018,1,10,51.12,-114.01,CALGARY INTL A,-21.4,Weather,30,-3421.3246929359307,1530.7320878442404,01/10/2018
10,10,-114.01000000000006,51.11999999999998,9.316666666666666,2018,1,11,51.12,-114.01,CALGARY INTL A,-25.5,Weather,46,-5246.005608813407,2347.0145680584997,01/11/2018
11,11,-114.01000000000006,51.11999999999998,28.65416666666667,2018,1,12,51.12,-114.01,CALGARY INTL A,-20.9,Weather,35,-3992.3535583496446,1786.1194013198394,01/12/2018
12,12,-114.01000000000006,51.11999999999998,39.69583333333333,2018,1,13,51.12,-114.01,CALGARY INTL A,-6.5,Weather,21,-2394.667563378799,1071.6412597576357,01/13/2018
13,13,-114.01000000000006,51.11999999999998,15.904166666666667,2018,1,14,51.12,-114.01,CALGARY INTL A,-3.0,Weather,13,-1482.9006360052151,663.6542524225702,01/14/2018
14,14,-114.01000000000006,51.11999999999998,7.070833333333333,2018,1,15,51.12,-114.01,CALGARY INTL A,-7.9,Weather,22,-2509.113354069007,1122.7355205828935,01/15/2018
15,15,-114.01000000000006,51.11999999999998,36.87916666666667,2018,1,16,51.12,-114.01,CALGARY INTL A,-0.6,Weather,21,-2395.5950208975582,1071.662021742142,01/16/2018
16,16,-114.01000000000006,51.11999999999998,40.891666666666666,2018,1,17,51.12,-114.01,CALGARY INTL A,1.3,Weather,14,-1596.5716539831042,714.4592188791164,01/17/2018
17,17,-114.01000000000006,51.11999999999998,30.816666666666674,2018,1,18,51.12,-114.01,CALGARY INTL A,2.2,Weather,17,-1939.2927584904307,867.8381791751794,01/18/2018
18,18,-114.01000000000006,51.11999999999998,41.229166666666664,2018,1,19,51.12,-114.01,CALGARY INTL A,-1.7,Weather,18,-2052.8357141149063,918.4764998008952,01/19/2018
19,19,-114.01000000000006,51.11999999999998,41.5625,2018,1,20,51.12,-114.01,CALGARY INTL A,-0.8,Weather,18,-2053.24797567482,918.5684694568318,01/20/2018
20,20,-114.01000000000006,51.11999999999998,40.891666666666666,2018,1,21,51.12,-114.01,CALGARY INTL A,-1.9,Weather,10,-1140.5151216865129,510.27190467632806,01/21/2018
21,21,-114.01000000000006,51.11999999999998,36.19583333333333,2018,1,22,51.12,-114.01,CALGARY INTL A,-1.4,Weather,10,-1140.69328055816,510.5061622715904,01/22/2018
22,22,-114.01000000000006,51.11999999999998,37.5375,2018,1,23,51.12,-114.01,CALGARY INTL A,-4.3,Weather,19,-2166.9038146463677,970.0672974045065,01/23/2018
23,23,-114.01000000000006,51.11999999999998,34.654166666666676,2018,1,24,51.12,-114.01,CALGARY INTL A,-0.7,Weather,14,-1596.7418667544252,714.3993430112372,01/24/2018
24,24,-114.01000000000006,51.11999999999998,11.334782608695654,2018,1,25,51.12,-114.01,CALGARY INTL A,,Weather,17,-1939.0168459919912,867.9227969146162,01/25/2018
25,25,-114.01000000000006,51.11999999999998,29.429166666666674,2018,1,26,51.12,-114.01,CALGARY INTL A,-11.2,Weather,22,-2509.652837590927,1122.4188357498172,01/26/2018
26,26,-114.01000000000006,51.11999999999998,11.149999999999999,2018,1,27,51.12,-114.01,CALGARY INTL A,-16.0,Weather,30,-3421.780445169997,1531.118999555666,01/27/2018
27,27,-114.01000000000006,51.11999999999998,21.187500000000004,2018,1,28,51.12,-114.01,CALGARY INTL A,-17.0,Weather,22,-2508.222162653051,1122.896955243801,01/28/2018
28,28,-114.01000000000006,51.11999999999998,34.07083333333333,2018,1,29,51.12,-114.01,CALGARY INTL A,-4.6,Weather,16,-1824.8626017492236,816.7648744727859,01/29/2018
29,29,-114.01000000000006,51.11999999999998,39.604166666666664,2018,1,30,51.12,-114.01,CALGARY INTL A,0.8,Weather,17,-1939.2261750961802,868.2189015561887,01/30/2018
30,30,-114.01000000000006,51.11999999999998,9.725,2018,1,31,51.12,-114.01,CALGARY INTL A,-11.7,Weather,13,-1482.4127396116942,663.637445767805,01/31/2018
31,31,-114.01000000000006,51.11999999999998,10.124999999999998,2018,2,1,51.12,-114.01,CALGARY INTL A,-15.9,Weather,21,-2395.0465860431045,1072.1348674916019,02/01/2018
32,32,-114.01000000000006,51.11999999999998,6.9750000000000005,2018,2,2,51.12,-114.01,CALGARY INTL A,-19.4,Weather,29,-3307.595475786237,1480.6309928882604,02/02/2018
33,33,-114.01000000000006,51.11999999999998,4.834782608695652,2018,2,3,51.12,-114.01,CALGARY INTL A,,Weather,56,-6387.276758735817,2857.9519838870183,02/03/2018
34,34,-114.01000000000006,51.11999999999998,25.620833333333334,2018,2,4,51.12,-114.01,CALGARY INTL A,-16.4,Weather,26,-2965.882854633045,1327.0377475949738,02/04/2018
35,35,-114.01000000000006,51.11999999999998,38.349999999999994,2018,2,5,51.12,-114.01,CALGARY INTL A,-16.2,Weather,42,-4791.109536256014,2143.0143960338173,02/05/2018
36,36,-114.01000000000006,51.11999999999998,36.53333333333333,2018,2,6,51.12,-114.01,CALGARY INTL A,-15.6,Weather,32,-3649.267112296204,1633.3706181120776,02/06/2018
37,37,-114.01000000000006,51.11999999999998,13.587500000000004,2018,2,7,51.12,-114.01,CALGARY INTL A,-12.0,Weather,28,-3193.660550337362,1428.5153766151784,02/07/2018
38,38,-114.01000000000006,51.11999999999998,4.166666666666667,2018,2,8,51.12,-114.01,CALGARY INTL A,-21.3,Weather,44,-5018.776925191104,2246.104540473224,02/08/2018
39,39,-114.01000000000006,51.11999999999998,36.28333333333333,2018,2,9,51.12,-114.01,CALGARY INTL A,-21.0,Weather,46,-5246.943128288422,2346.980108878649,02/09/2018
40,40,-114.01000000000006,51.11999999999998,39.158333333333324,2018,2,10,51.12,-114.01,CALGARY INTL A,-12.6,Weather,16,-1825.469427611343,816.5493320174629,02/10/2018
41,41,-114.01000000000006,51.11999999999998,13.491666666666667,2018,2,11,51.12,-114.01,CALGARY INTL A,-14.9,Weather,29,-3307.2823375133103,1480.7382542757555,02/11/2018
42,42,-114.01000000000006,51.11999999999998,42.90833333333333,2018,2,12,51.12,-114.01,CALGARY INTL A,-13.2,Weather,57,-6501.244197755608,2908.466419358267,02/12/2018
43,43,-114.01000000000006,51.11999999999998,42.57083333333333,2018,2,13,51.12,-114.01,CALGARY INTL A,5.8,Weather,11,-1254.7203779794809,561.3777728813426,02/13/2018
44,44,-114.01000000000006,51.11999999999998,21.479166666666675,2018,2,14,51.12,-114.01,CALGARY INTL A,-4.9,Weather,6,-684.156611060643,306.1979679772941,02/14/2018
45,45,-114.01000000000006,51.11999999999998,40.699999999999996,2018,2,15,51.12,-114.01,CALGARY INTL A,-10.5,Weather,15,-1710.978707909475,765.550580955082,02/15/2018
46,46,-114.01000000000006,51.11999999999998,37.87499999999999,2018,2,16,51.12,-114.01,CALGARY INTL A,-5.1,Weather,17,-1938.7610338511076,867.6724325088558,02/16/2018
47,47,-114.01000000000006,51.11999999999998,6.591666666666668,2018,2,17,51.12,-114.01,CALGARY INTL A,-11.6,Weather,40,-4561.702379764899,2041.7754813055417,02/17/2018
48,48,-114.01000000000006,51.11999999999998,21.616666666666664,2018,2,18,51.12,-114.01,CALGARY INTL A,-17.2,Weather,17,-1938.975706379819,867.8194392041072,02/18/2018
49,49,-114.01000000000006,51.11999999999998,42.849999999999994,2018,2,19,51.12,-114.01,CALGARY INTL A,-17.4,Weather,9,-1025.99616119289,459.2516371735878,02/19/2018
50,50,-114.01000000000006,51.11999999999998,22.36666666666667,2018,2,20,51.12,-114.01,CALGARY INTL A,-14.9,Weather,18,-2052.8143482830314,918.7641506396208,02/20/2018
51,51,-114.01000000000006,51.11999999999998,43.91666666666666,2018,2,21,51.12,-114.01,CALGARY INTL A,-15.1,Weather,23,-2623.4756884162575,1173.6587195244422,02/21/2018
52,52,-114.01000000000006,51.11999999999998,26.120833333333337,2018,2,22,51.12,-114.01,CALGARY INTL A,-11.5,Weather,18,-2052.600467014722,918.4217447508464,02/22/2018
53,53,-114.01000000000006,51.11999999999998,42.908333333333324,2018,2,23,51.12,-114.01,CALGARY INTL A,-10.1,Weather,36,-4105.951636271749,1837.758662342642,02/23/2018
54,54,-114.01000000000006,51.11999999999998,42.908333333333324,2018,2,24,51.12,-114.01,CALGARY INTL A,-3.0,Weather,13,-1482.27502034028,663.5924594418823,02/24/2018
55,55,-114.01000000000006,51.11999999999998,42.24166666666666,2018,2,25,51.12,-114.01,CALGARY INTL A,-4.3,Weather,18,-2052.6362814057557,918.7882874855565,02/25/2018
56,56,-114.01000000000006,51.11999999999998,44.587499999999984,2018,2,26,51.12,-114.01,CALGARY INTL A,-7.2,Weather,21,-2395.3411883057906,1071.5724602718415,02/26/2018
57,57,-114.01000000000006,51.11999999999998,42.574999999999996,2018,2,27,51.12,-114.01,CALGARY INTL A,-3.8,Weather,13,-1482.708773288776,663.4448310347798,02/27/2018
58,58,-114.01000000000006,51.11999999999998,42.7125,2018,2,28,51.12,-114.01,CALGARY INTL A,-5.1,Weather,20,-2281.2059839816047,1021.1861821126021,02/28/2018
59,59,-114.01000000000006,51.11999999999998,21.595833333333335,2018,3,1,51.12,-114.01,CALGARY INTL A,-9.0,Weather,16,-1824.955565118543,816.8184087498429,03/01/2018
60,60,-114.01000000000006,51.11999999999998,2.35,2018,3,2,51.12,-114.01,CALGARY INTL A,-9.0,Weather,36,-4105.697447734887,1837.741349873697,03/02/2018
61,61,-114.01000000000006,51.11999999999998,10.904166666666667,2018,3,3,51.12,-114.01,CALGARY INTL A,-11.0,Weather,15,-1710.239663970101,765.7882125405268,03/03/2018
62,62,-114.01000000000006,51.11999999999998,27.412500000000005,2018,3,4,51.12,-114.01,CALGARY INTL A,-14.7,Weather,15,-1710.7442390593624,765.5998112847302,03/04/2018
63,63,-114.01000000000006,51.11999999999998,40.912499999999994,2018,3,5,51.12,-114.01,CALGARY INTL A,-16.0,Weather,20,-2280.9326166669666,1020.3440828829553,03/05/2018
64,64,-114.01000000000006,51.11999999999998,33.18333333333333,2018,3,6,51.12,-114.01,CALGARY INTL A,-13.6,Weather,13,-1482.921619531291,663.6480780463751,03/06/2018
65,65,-114.01000000000006,51.11999999999998,39.88750000000001,2018,3,7,51.12,-114.01,CALGARY INTL A,-12.0,Weather,23,-2623.6344560298394,1173.2965344404174,03/07/2018
66,66,-114.01000000000006,51.11999999999998,15.345833333333333,2018,3,8,51.12,-114.01,CALGARY INTL A,-12.6,Weather,18,-2053.305942637874,918.6445316115568,03/08/2018
67,67,-114.01000000000006,51.11999999999998,32.32500000000001,2018,3,9,51.12,-114.01,CALGARY INTL A,-1.3,Weather,19,-2166.885841457291,969.6592939903041,03/09/2018
68,68,-114.01000000000006,51.11999999999998,45.929166666666646,2018,3,10,51.12,-114.01,CALGARY INTL A,-5.1,Weather,9,-1026.442395333042,459.32780341967305,03/10/2018
69,69,-114.01000000000006,51.11999999999998,44.24999999999999,2018,3,11,51.12,-114.01,CALGARY INTL A,-4.0,Weather,16,-1824.60353698377,816.6957348750043,03/11/2018
70,70,-114.01000000000006,51.11999999999998,45.929166666666646,2018,3,12,51.12,-114.01,CALGARY INTL A,-2.6,Weather,29,-3307.1548551079914,1479.9776444771667,03/12/2018
71,71,-114.01000000000006,51.11999999999998,45.929166666666646,2018,3,13,51.12,-114.01,CALGARY INTL A,-0.9,Weather,29,-3308.7005541345925,1480.2386252983101,03/13/2018
72,72,-114.01000000000006,51.11999999999998,27.22916666666667,2018,3,14,51.12,-114.01,CALGARY INTL A,-2.9,Weather,20,-2280.7739659470894,1020.7961951880392,03/14/2018
73,73,-114.01000000000006,51.11999999999998,5.108333333333334,2018,3,15,51.12,-114.01,CALGARY INTL A,-4.2,Weather,51,-5815.858608854892,2602.8110492640258,03/15/2018
74,74,-114.01000000000006,51.11999999999998,9.650000000000002,2018,3,16,51.12,-114.01,CALGARY INTL A,-4.1,Weather,26,-2965.194440861468,1326.793623538756,03/16/2018
75,75,-114.01000000000006,51.11999999999998,6.166666666666668,2018,3,17,51.12,-114.01,CALGARY INTL A,-1.1,Weather,9,-1026.343828994811,459.2329353094843,03/17/2018
76,76,-114.01000000000006,51.11999999999998,5.0874999999999995,2018,3,18,51.12,-114.01,CALGARY INTL A,-1.9,Weather,13,-1482.7420939049039,664.2727261133643,03/18/2018
77,77,-114.01000000000006,51.11999999999998,43.72499999999999,2018,3,19,51.12,-114.01,CALGARY INTL A,-1.6,Weather,16,-1824.5764889803058,816.9352340788614,03/19/2018
78,78,-114.01000000000006,51.11999999999998,45.26249999999998,2018,3,20,51.12,-114.01,CALGARY INTL A,1.0,Weather,18,-2052.527046844709,918.767960267988,03/20/2018
79,79,-114.01000000000006,51.11999999999998,31.8625,2018,3,21,51.12,-114.01,CALGARY INTL A,0.4,Weather,21,-2394.815064462095,1071.6577230435337,03/21/2018
80,80,-114.01000000000006,51.11999999999998,4.408333333333332,2018,3,22,51.12,-114.01,CALGARY INTL A,-4.0,Weather,16,-1824.9744912436402,816.6751665984222,03/22/2018
81,81,-114.01000000000006,51.11999999999998,37.3125,2018,3,23,51.12,-114.01,CALGARY INTL A,-0.7,Weather,24,-2737.620546858371,1225.2545885886898,03/23/2018
82,82,-114.01000000000006,51.11999999999998,33.175000000000004,2018,3,24,51.12,-114.01,CALGARY INTL A,-2.0,Weather,11,-1254.2308072858361,562.0160878081679,03/24/2018
83,83,-114.01000000000006,51.11999999999998,47.61249999999998,2018,3,25,51.12,-114.01,CALGARY INTL A,-2.1,Weather,11,-1254.643980091269,561.4002929696118,03/25/2018
84,84,-114.01000000000006,51.11999999999998,44.92499999999998,2018,3,26,51.12,-114.01,CALGARY INTL A,1.0,Weather,10,-1140.111376571482,510.07316926928627,03/26/2018
85,85,-114.01000000000006,51.11999999999998,38.35833333333333,2018,3,27,51.12,-114.01,CALGARY INTL A,4.6,Weather,10,-1140.321584625478,510.6565802378574,03/27/2018
86,86,-114.01000000000006,51.11999999999998,16.741666666666667,2018,3,28,51.12,-114.01,CALGARY INTL A,0.0,Weather,17,-1938.9800575103081,867.8081106474094,03/28/2018
87,87,-114.01000000000006,51.11999999999998,15.095833333333331,2018,3,29,51.12,-114.01,CALGARY INTL A,-5.0,Weather,32,-3650.16029115303,1634.0273068046292,03/29/2018
88,88,-114.01000000000006,51.11999999999998,4.383333333333334,2018,3,30,51.12,-114.01,CALGARY INTL A,-10.3,Weather,9,-1026.109668023051,459.2695514020281,03/30/2018
89,89,-114.01000000000006,51.11999999999998,33.96666666666666,2018,3,31,51.12,-114.01,CALGARY INTL A,-14.7,Weather,10,-1140.540321862446,510.6714031872642,03/31/2018
90,90,-114.01000000000006,51.11999999999998,27.69166666666666,2018,4,1,51.12,-114.01,CALGARY INTL A,-10.9,Weather,7,-798.102681539995,357.53192561720425,04/01/2018
91,91,-114.01000000000006,51.11999999999998,30.64166666666667,2018,4,2,51.12,-114.01,CALGARY INTL A,-8.3,Weather,10,-1140.546336448729,510.730488470069,04/02/2018
92,92,-114.01000000000006,51.11999999999998,18.51666666666667,2018,4,3,51.12,-114.01,CALGARY INTL A,-9.5,Weather,17,-1938.5001421402262,867.7186324284376,04/03/2018
93,93,-114.01000000000006,51.11999999999998,11.866666666666667,2018,4,4,51.12,-114.01,CALGARY INTL A,-5.5,Weather,10,-1140.792782719667,510.4886296433677,04/04/2018
94,94,-114.01000000000006,51.11999999999998,24.712500000000002,2018,4,5,51.12,-114.01,CALGARY INTL A,-9.6,Weather,12,-1368.8087722505509,612.4276808161048,04/05/2018
95,95,-114.01000000000006,51.11999999999998,8.683333333333335,2018,4,6,51.12,-114.01,CALGARY INTL A,-12.7,Weather,22,-2508.9073276803874,1122.7512261942336,04/06/2018
96,96,-114.01000000000006,51.11999999999998,5.391666666666666,2018,4,7,51.12,-114.01,CALGARY INTL A,-11.5,Weather,17,-1938.909335516386,867.781286594319,04/07/2018
97,97,-114.01000000000006,51.11999999999998,13.41666666666667,2018,4,8,51.12,-114.01,CALGARY INTL A,-6.9,Weather,26,-2965.604069295227,1327.514331567632,04/08/2018
98,98,-114.01000000000006,51.11999999999998,18.245833333333334,2018,4,9,51.12,-114.01,CALGARY INTL A,0.6,Weather,14,-1596.7222823829431,713.9905854278016,04/09/2018
99,99,-114.01000000000006,51.11999999999998,28.35000000000001,2018,4,10,51.12,-114.01,CALGARY INTL A,2.9,Weather,18,-2052.589881654373,918.3744481372835,04/10/2018
100,100,-114.01000000000006,51.11999999999998,21.366666666666664,2018,4,11,51.12,-114.01,CALGARY INTL A,1.9,Weather,14,-1596.802095075815,714.0880761984877,04/11/2018
101,101,-114.01000000000006,51.11999999999998,1.7583333333333335,2018,4,12,51.12,-114.01,CALGARY INTL A,-2.8,Weather,33,-3763.301013565482,1684.4707997743149,04/12/2018
102,102,-114.01000000000006,51.11999999999998,20.85833333333334,2018,4,13,51.12,-114.01,CALGARY INTL A,2.0,Weather,33,-3763.7590977550058,1684.2475589137766,04/13/2018
103,103,-114.01000000000006,51.11999999999998,45.25833333333332,2018,4,14,51.12,-114.01,CALGARY INTL A,3.9,Weather,15,-1710.7237220457837,766.3520921869267,04/14/2018
104,104,-114.01000000000006,51.11999999999998,43.58333333333332,2018,4,15,51.12,-114.01,CALGARY INTL A,3.4,Weather,10,-1140.433666876158,510.3119690290449,04/15/2018
105,105,-114.01000000000006,51.11999999999998,12.679166666666667,2018,4,16,51.12,-114.01,CALGARY INTL A,0.0,Weather,14,-1596.7321456896148,714.5061166564533,04/16/2018
106,106,-114.01000000000006,51.11999999999998,11.662500000000001,2018,4,17,51.12,-114.01,CALGARY INTL A,0.2,Weather,11,-1254.6632495707167,561.5555094099836,04/17/2018
107,107,-114.01000000000006,51.11999999999998,44.59166666666666,2018,4,18,51.12,-114.01,CALGARY INTL A,2.5,Weather,15,-1710.714311503546,765.8162851168858,04/18/2018
108,108,-114.01000000000006,51.11999999999998,47.61249999999998,2018,4,19,51.12,-114.01,CALGARY INTL A,3.0,Weather,7,-798.5426482907541,357.3238216920647,04/19/2018
109,109,-114.01000000000006,51.11999999999998,45.93333333333331,2018,4,20,51.12,-114.01,CALGARY INTL A,6.2,Weather,17,-1938.9283655719353,867.2290872885162,04/20/2018
110,110,-114.01000000000006,51.11999999999998,44.59166666666665,2018,4,21,51.12,-114.01,CALGARY INTL A,8.3,Weather,5,-570.216957998479,255.26737248452213,04/21/2018
111,111,-114.01000000000006,51.11999999999998,46.60416666666665,2018,4,22,51.12,-114.01,CALGARY INTL A,6.5,Weather,10,-1140.044056278746,509.88740338383656,04/22/2018
112,112,-114.01000000000006,51.11999999999998,47.61249999999998,2018,4,23,51.12,-114.01,CALGARY INTL A,6.3,Weather,13,-1482.82685115516,663.4903541035258,04/23/2018
113,113,-114.01000000000006,51.11999999999998,47.27499999999998,2018,4,24,51.12,-114.01,CALGARY INTL A,9.8,Weather,18,-2052.42683181747,918.4495012395756,04/24/2018
114,114,-114.01000000000006,51.11999999999998,32.837500000000006,2018,4,25,51.12,-114.01,CALGARY INTL A,9.8,Weather,19,-2166.735591728023,969.6796349568002,04/25/2018
115,115,-114.01000000000006,51.11999999999998,43.24583333333333,2018,4,26,51.12,-114.01,CALGARY INTL A,11.7,Weather,13,-1482.689965173437,663.279243311781,04/26/2018
116,116,-114.01000000000006,51.11999999999998,41.90416666666667,2018,4,27,51.12,-114.01,CALGARY INTL A,12.9,Weather,11,-1254.088189347891,561.4724820100255,04/27/2018
117,117,-114.01000000000006,51.11999999999998,35.525000000000006,2018,4,28,51.12,-114.01,CALGARY INTL A,14.9,Weather,15,-1711.2780890992588,765.4016646299569,04/28/2018
118,118,-114.01000000000006,51.11999999999998,16.166666666666668,2018,4,29,51.12,-114.01,CALGARY INTL A,10.3,Weather,9,-1026.632874282053,459.49653137587757,04/29/2018
119,119,-114.01000000000006,51.11999999999998,24.908333333333335,2018,4,30,51.12,-114.01,CALGARY INTL A,8.2,Weather,17,-1939.3146987821542,867.4386937495224,04/30/2018
120,120,-114.01000000000006,51.11999999999998,28.629166666666674,2018,5,1,51.12,-114.01,CALGARY INTL A,9.4,Weather,13,-1482.5405537869192,663.4078022996736,05/01/2018
121,121,-114.01000000000006,51.11999999999998,48.28333333333331,2018,5,2,51.12,-114.01,CALGARY INTL A,9.9,Weather,12,-1368.5782921781629,612.1936131055434,05/02/2018
122,122,-114.01000000000006,51.11999999999998,46.94166666666664,2018,5,3,51.12,-114.01,CALGARY INTL A,13.1,Weather,10,-1140.354147744092,510.32808106019763,05/03/2018
123,123,-114.01000000000006,51.11999999999998,48.95416666666665,2018,5,4,51.12,-114.01,CALGARY INTL A,14.5,Weather,11,-1254.661700682409,561.2770478467962,05/04/2018
124,124,-114.01000000000006,51.11999999999998,51.30416666666665,2018,5,5,51.12,-114.01,CALGARY INTL A,13.6,Weather,9,-1026.665134338418,459.65108042909753,05/05/2018
125,125,-114.01000000000006,51.11999999999998,52.486956521739124,2018,5,6,51.12,-114.01,CALGARY INTL A,,Weather,7,-798.178706794072,357.1636919124295,05/06/2018
126,126,-114.01000000000006,51.11999999999998,38.22083333333334,2018,5,7,51.12,-114.01,CALGARY INTL A,16.7,Weather,16,-1824.9401484882958,816.7570111382366,05/07/2018
127,127,-114.01000000000006,51.11999999999998,46.274999999999984,2018,5,8,51.12,-114.01,CALGARY INTL A,17.7,Weather,11,-1254.4735540222152,561.1882433833224,05/08/2018
128,128,-114.01000000000006,51.11999999999998,25.075000000000006,2018,5,9,51.12,-114.01,CALGARY INTL A,9.4,Weather,15,-1710.7156878133549,765.6856892361758,05/09/2018
129,129,-114.01000000000006,51.11999999999998,12.204166666666666,2018,5,10,51.12,-114.01,CALGARY INTL A,6.3,Weather,20,-2281.079445008091,1020.1411719539074,05/10/2018
130,130,-114.01000000000006,51.11999999999998,26.120833333333337,2018,5,11,51.12,-114.01,CALGARY INTL A,9.9,Weather,22,-2509.3867283306517,1122.9828869136807,05/11/2018
131,131,-114.01000000000006,51.11999999999998,52.98333333333333,2018,5,12,51.12,-114.01,CALGARY INTL A,12.8,Weather,12,-1368.611421559633,612.3882226112937,05/12/2018
132,132,-114.01000000000006,51.11999999999998,48.95833333333332,2018,5,13,51.12,-114.01,CALGARY INTL A,15.4,Weather,10,-1140.574088760477,510.57453369782445,05/13/2018
133,133,-114.01000000000006,51.11999999999998,48.28749999999999,2018,5,14,51.12,-114.01,CALGARY INTL A,18.4,Weather,22,-2508.262881670228,1122.3235875268654,05/14/2018
134,134,-114.01000000000006,51.11999999999998,47.616666666666646,2018,5,15,51.12,-114.01,CALGARY INTL A,19.9,Weather,16,-1824.8972032194288,817.0525458957745,05/15/2018
135,135,-114.01000000000006,51.11999999999998,18.04583333333334,2018,5,16,51.12,-114.01,CALGARY INTL A,19.0,Weather,26,-2965.5696692770916,1326.9268776781767,05/16/2018
136,136,-114.01000000000006,51.11999999999998,10.887500000000001,2018,5,17,51.12,-114.01,CALGARY INTL A,9.3,Weather,25,-2851.591247130297,1275.3025278791001,05/17/2018
137,137,-114.01000000000006,51.11999999999998,25.754166666666666,2018,5,18,51.12,-114.01,CALGARY INTL A,10.1,Weather,12,-1368.8894517203598,612.3290155784784,05/18/2018
138,138,-114.01000000000006,51.11999999999998,48.95833333333332,2018,5,19,51.12,-114.01,CALGARY INTL A,9.9,Weather,7,-798.396403441045,357.167082192467,05/19/2018
139,139,-114.01000000000006,51.11999999999998,41.24166666666665,2018,5,20,51.12,-114.01,CALGARY INTL A,14.3,Weather,4,-456.16556219685197,204.0581275223222,05/20/2018
140,140,-114.01000000000006,51.11999999999998,46.60833333333331,2018,5,21,51.12,-114.01,CALGARY INTL A,16.3,Weather,3,-342.173402787381,153.19236028313148,05/21/2018
141,141,-114.01000000000006,51.11999999999998,43.587499999999984,2018,5,22,51.12,-114.01,CALGARY INTL A,18.2,Weather,18,-2052.457275223596,918.3897895270867,05/22/2018
142,142,-114.01000000000006,51.11999999999998,37.88333333333333,2018,5,23,51.12,-114.01,CALGARY INTL A,18.5,Weather,13,-1482.7893450511328,663.6015002699164,05/23/2018
143,143,-114.01000000000006,51.11999999999998,37.545833333333334,2018,5,24,51.12,-114.01,CALGARY INTL A,19.8,Weather,9,-1026.481054393931,459.4423209860764,05/24/2018
144,144,-114.01000000000006,51.11999999999998,45.60416666666665,2018,5,25,51.12,-114.01,CALGARY INTL A,18.3,Weather,13,-1483.0062373087999,663.4931799888423,05/25/2018
145,145,-114.01000000000006,51.11999999999998,43.929166666666646,2018,5,26,51.12,-114.01,CALGARY INTL A,18.1,Weather,9,-1026.480523873466,459.24862986846824,05/26/2018
146,146,-114.01000000000006,51.11999999999998,37.216666666666676,2018,5,27,51.12,-114.01,CALGARY INTL A,16.9,Weather,10,-1140.427232434833,510.3837777208479,05/27/2018
147,147,-114.01000000000006,51.11999999999998,46.61249999999998,2018,5,28,51.12,-114.01,CALGARY INTL A,20.0,Weather,15,-1710.6022330654223,765.4498869921413,05/28/2018
148,148,-114.01000000000006,51.11999999999998,23.108333333333345,2018,5,29,51.12,-114.01,CALGARY INTL A,13.1,Weather,9,-1026.583676364688,459.07465237720953,05/29/2018
149,149,-114.01000000000006,51.11999999999998,22.22173913043479,2018,5,30,51.12,-114.01,CALGARY INTL A,,Weather,12,-1368.4446302990732,612.7964330887097,05/30/2018
150,150,-114.01000000000006,51.11999999999998,10.22083333333333,2018,5,31,51.12,-114.01,CALGARY INTL A,6.9,Weather,15,-1710.607542116964,765.7697059587147,05/31/2018
151,151,-114.01000000000006,51.11999999999998,25.858333333333334,2018,6,1,51.12,-114.01,CALGARY INTL A,11.0,Weather,17,-1938.333309862353,867.8366252725793,06/01/2018
152,152,-114.01000000000006,51.11999999999998,52.65,2018,6,2,51.12,-114.01,CALGARY INTL A,12.1,Weather,12,-1368.6735641862133,612.2500189138066,06/02/2018
153,153,-114.01000000000006,51.11999999999998,48.958333333333314,2018,6,3,51.12,-114.01,CALGARY INTL A,14.6,Weather,7,-798.206991963038,357.2974650220154,06/03/2018
154,154,-114.01000000000006,51.11999999999998,47.95416666666665,2018,6,4,51.12,-114.01,CALGARY INTL A,13.8,Weather,20,-2280.4851771120357,1020.1406339388698,06/04/2018
155,155,-114.01000000000006,51.11999999999998,52.316666666666656,2018,6,5,51.12,-114.01,CALGARY INTL A,11.8,Weather,22,-2508.867791281286,1123.2595667728478,06/05/2018
156,156,-114.01000000000006,51.11999999999998,45.94166666666664,2018,6,6,51.12,-114.01,CALGARY INTL A,15.4,Weather,20,-2280.795929307349,1020.916222780311,06/06/2018
157,157,-114.01000000000006,51.11999999999998,21.787500000000005,2018,6,7,51.12,-114.01,CALGARY INTL A,17.6,Weather,25,-2851.546679894189,1276.046328380819,06/07/2018
158,158,-114.01000000000006,51.11999999999998,35.54166666666668,2018,6,8,51.12,-114.01,CALGARY INTL A,20.1,Weather,15,-1710.7807353798528,765.7687667062835,06/08/2018
159,159,-114.01000000000006,51.11999999999998,37.8875,2018,6,9,51.12,-114.01,CALGARY INTL A,19.6,Weather,18,-2053.160065813741,918.6255469495117,06/09/2018
160,160,-114.01000000000006,51.11999999999998,23.070833333333336,2018,6,10,51.12,-114.01,CALGARY INTL A,9.4,Weather,16,-1824.6825679692001,817.1080680783895,06/10/2018
161,161,-114.01000000000006,51.11999999999998,51.30833333333333,2018,6,11,51.12,-114.01,CALGARY INTL A,11.2,Weather,19,-2166.7673667289064,969.604967092308,06/11/2018
162,162,-114.01000000000006,51.11999999999998,49.970833333333324,2018,6,12,51.12,-114.01,CALGARY INTL A,14.6,Weather,24,-2737.0743243446536,1224.4512818753808,06/12/2018
163,163,-114.01000000000006,51.11999999999998,46.27499999999998,2018,6,13,51.12,-114.01,CALGARY INTL A,16.7,Weather,17,-1938.985397100325,867.7565155801407,06/13/2018
164,164,-114.01000000000006,51.11999999999998,33.19166666666666,2018,6,14,51.12,-114.01,CALGARY INTL A,11.3,Weather,12,-1368.7993073237549,612.459131126008,06/14/2018
165,165,-114.01000000000006,51.11999999999998,41.574999999999996,2018,6,15,51.12,-114.01,CALGARY INTL A,11.6,Weather,15,-1711.016477656754,765.4595584170514,06/15/2018
166,166,-114.01000000000006,51.11999999999998,22.908333333333342,2018,6,16,51.12,-114.01,CALGARY INTL A,12.9,Weather,16,-1825.1038637144873,816.8065751731149,06/16/2018
167,167,-114.01000000000006,51.11999999999998,51.64583333333332,2018,6,17,51.12,-114.01,CALGARY INTL A,13.6,Weather,18,-2053.267683748857,919.0520309307232,06/17/2018
168,168,-114.01000000000006,51.11999999999998,47.62083333333331,2018,6,18,51.12,-114.01,CALGARY INTL A,15.1,Weather,13,-1482.912374595972,663.858619392098,06/18/2018
169,169,-114.01000000000006,51.11999999999998,53.99583333333334,2018,6,19,51.12,-114.01,CALGARY INTL A,17.6,Weather,22,-2508.754309103985,1122.2163337809448,06/19/2018
170,170,-114.01000000000006,51.11999999999998,51.308333333333316,2018,6,20,51.12,-114.01,CALGARY INTL A,19.4,Weather,25,-2851.9419253974334,1275.8238707750509,06/20/2018
171,171,-114.01000000000006,51.11999999999998,38.22083333333334,2018,6,21,51.12,-114.01,CALGARY INTL A,19.0,Weather,19,-2167.2142766421052,969.9324816781873,06/21/2018
172,172,-114.01000000000006,51.11999999999998,26.216666666666672,2018,6,22,51.12,-114.01,CALGARY INTL A,17.8,Weather,29,-3307.7845809527585,1479.8749474192798,06/22/2018
173,173,-114.01000000000006,51.11999999999998,17.733333333333338,2018,6,23,51.12,-114.01,CALGARY INTL A,16.8,Weather,16,-1824.6894238942216,816.9157829809374,06/23/2018
174,174,-114.01000000000006,51.11999999999998,34.20000000000002,2018,6,24,51.12,-114.01,CALGARY INTL A,18.5,Weather,12,-1368.566016414588,612.5780671124248,06/24/2018
175,175,-114.01000000000006,51.11999999999998,45.94583333333332,2018,6,25,51.12,-114.01,CALGARY INTL A,20.0,Weather,9,-1026.5106958224721,459.0481898729374,06/25/2018
176,176,-114.01000000000006,51.11999999999998,51.65,2018,6,26,51.12,-114.01,CALGARY INTL A,15.3,Weather,20,-2280.546749794281,1020.2762126704547,06/26/2018
177,177,-114.01000000000006,51.11999999999998,50.97499999999999,2018,6,27,51.12,-114.01,CALGARY INTL A,15.0,Weather,19,-2166.817029309988,969.7005387247139,06/27/2018
178,178,-114.01000000000006,51.11999999999998,31.14347826086958,2018,6,28,51.12,-114.01,CALGARY INTL A,,Weather,18,-2053.084268721287,918.7551482936393,06/28/2018
179,179,-114.01000000000006,51.11999999999998,29.50833333333334,2018,6,29,51.12,-114.01,CALGARY INTL A,14.4,Weather,22,-2509.547574338113,1122.6839773539443,06/29/2018
180,180,-114.01000000000006,51.11999999999998,47.939130434782584,2018,6,30,51.12,-114.01,CALGARY INTL A,,Weather,20,-2281.208183893263,1021.040869374036,06/30/2018
181,181,-114.01000000000006,51.11999999999998,47.61666666666665,2018,7,1,51.12,-114.01,CALGARY INTL A,14.8,Weather,9,-1026.334717972926,459.32242351434905,07/01/2018
182,182,-114.01000000000006,51.11999999999998,24.66250000000001,2018,7,2,51.12,-114.01,CALGARY INTL A,11.5,Weather,6,-684.367743955042,306.31590179566825,07/02/2018
183,183,-114.01000000000006,51.11999999999998,23.7375,2018,7,3,51.12,-114.01,CALGARY INTL A,11.9,Weather,18,-2053.1117827402963,918.7416199487975,07/03/2018
184,184,-114.01000000000006,51.11999999999998,33.333333333333336,2018,7,4,51.12,-114.01,CALGARY INTL A,14.5,Weather,20,-2280.8968181880537,1020.8207884707512,07/04/2018
185,185,-114.01000000000006,51.11999999999998,36.87916666666667,2018,7,5,51.12,-114.01,CALGARY INTL A,17.4,Weather,18,-2052.768593823896,918.8345763229572,07/05/2018
186,186,-114.01000000000006,51.11999999999998,39.47142857142857,2018,7,6,51.12,-114.01,CALGARY INTL A,23.3,Weather,18,-2053.2583845616177,918.5806982697342,07/06/2018
187,187,-114.01000000000006,51.11999999999998,43.25416666666666,2018,7,7,51.12,-114.01,CALGARY INTL A,19.2,Weather,11,-1255.057685211053,561.5557496705469,07/07/2018
188,188,-114.01000000000006,51.11999999999998,48.6391304347826,2018,7,8,51.12,-114.01,CALGARY INTL A,16.5,Weather,7,-798.320251369141,357.04419423948957,07/08/2018
189,189,-114.01000000000006,51.11999999999998,53.32083333333333,2018,7,9,51.12,-114.01,CALGARY INTL A,19.5,Weather,21,-2395.568075011535,1072.41012032245,07/09/2018
190,190,-114.01000000000006,51.11999999999998,33.19166666666668,2018,7,10,51.12,-114.01,CALGARY INTL A,15.8,Weather,17,-1938.78716040805,867.5881892360571,07/10/2018
191,191,-114.01000000000006,51.11999999999998,46.94999999999999,2018,7,11,51.12,-114.01,CALGARY INTL A,19.7,Weather,17,-1938.967187648327,867.4171185379106,07/11/2018
192,192,-114.01000000000006,51.11999999999998,39.9,2018,7,12,51.12,-114.01,CALGARY INTL A,18.8,Weather,19,-2166.868880788727,969.8391554793714,07/12/2018
193,193,-114.01000000000006,51.11999999999998,37.55416666666667,2018,7,13,51.12,-114.01,CALGARY INTL A,21.4,Weather,22,-2509.1093251288253,1122.8887294483459,07/13/2018
194,194,-114.01000000000006,51.11999999999998,47.224999999999994,2018,7,14,51.12,-114.01,CALGARY INTL A,14.6,Weather,15,-1710.5794149729777,765.9980172824281,07/14/2018
195,195,-114.01000000000006,51.11999999999998,52.65,2018,7,15,51.12,-114.01,CALGARY INTL A,17.4,Weather,9,-1026.597820708021,459.4648328641088,07/15/2018
196,196,-114.01000000000006,51.11999999999998,52.31666666666666,2018,7,16,51.12,-114.01,CALGARY INTL A,21.1,Weather,23,-2623.1065484561,1174.063661401303,07/16/2018
197,197,-114.01000000000006,51.11999999999998,39.225,2018,7,17,51.12,-114.01,CALGARY INTL A,22.2,Weather,12,-1368.517308035459,612.6426450620107,07/17/2018
198,198,-114.01000000000006,51.11999999999998,37.369565217391305,2018,7,18,51.12,-114.01,CALGARY INTL A,20.2,Weather,18,-2052.990651204337,918.9842492704884,07/18/2018
199,199,-114.01000000000006,51.11999999999998,28.80833333333334,2018,7,19,51.12,-114.01,CALGARY INTL A,19.5,Weather,25,-2850.629627975221,1275.7324362812008,07/19/2018
200,200,-114.01000000000006,51.11999999999998,25.129166666666674,2018,7,20,51.12,-114.01,CALGARY INTL A,20.3,Weather,25,-2851.167077353051,1275.84051853747,07/20/2018
201,201,-114.01000000000006,51.11999999999998,37.55,2018,7,21,51.12,-114.01,CALGARY INTL A,16.8,Weather,13,-1482.8635632606163,663.5000862029569,07/21/2018
202,202,-114.01000000000006,51.11999999999998,41.24166666666666,2018,7,22,51.12,-114.01,CALGARY INTL A,16.7,Weather,8,-912.345520479591,408.7345940855902,07/22/2018
203,203,-114.01000000000006,51.11999999999998,37.887499999999996,2018,7,23,51.12,-114.01,CALGARY INTL A,15.9,Weather,17,-1938.7774907846758,867.5585647795904,07/23/2018
204,204,-114.01000000000006,51.11999999999998,13.891666666666671,2018,7,24,51.12,-114.01,CALGARY INTL A,13.6,Weather,28,-3192.9842833462394,1429.7758536254125,07/24/2018
205,205,-114.01000000000006,51.11999999999998,21.57083333333334,2018,7,25,51.12,-114.01,CALGARY INTL A,16.0,Weather,23,-2622.4866976576836,1173.968083693038,07/25/2018
206,206,-114.01000000000006,51.11999999999998,19.500000000000007,2018,7,26,51.12,-114.01,CALGARY INTL A,18.1,Weather,16,-1824.5052046909739,816.5384814495471,07/26/2018
207,207,-114.01000000000006,51.11999999999998,18.966666666666665,2018,7,27,51.12,-114.01,CALGARY INTL A,16.1,Weather,17,-1939.1158950529061,867.6285394747072,07/27/2018
208,208,-114.01000000000006,51.11999999999998,18.16666666666668,2018,7,28,51.12,-114.01,CALGARY INTL A,17.6,Weather,15,-1710.6268696797042,765.9194404989616,07/28/2018
209,209,-114.01000000000006,51.11999999999998,16.233333333333338,2018,7,29,51.12,-114.01,CALGARY INTL A,20.0,Weather,9,-1026.0962616983861,459.49734895874246,07/29/2018
210,210,-114.01000000000006,51.11999999999998,14.300000000000002,2018,7,30,51.12,-114.01,CALGARY INTL A,22.2,Weather,20,-2280.644473181695,1020.6869658530784,07/30/2018
211,211,-114.01000000000006,51.11999999999998,14.966666666666667,2018,7,31,51.12,-114.01,CALGARY INTL A,19.2,Weather,23,-2622.7671618690742,1173.2807422096482,07/31/2018
212,212,-114.01000000000006,51.11999999999998,12.766666666666666,2018,8,1,51.12,-114.01,CALGARY INTL A,21.9,Weather,18,-2053.669198448262,918.3805762205286,08/01/2018
213,213,-114.01000000000006,51.11999999999998,16.429166666666664,2018,8,2,51.12,-114.01,CALGARY INTL A,18.3,Weather,18,-2052.982678738062,918.5119165795661,08/02/2018
214,214,-114.01000000000006,51.11999999999998,17.033333333333342,2018,8,3,51.12,-114.01,CALGARY INTL A,18.5,Weather,19,-2166.887211244877,969.791932503006,08/03/2018
215,215,-114.01000000000006,51.11999999999998,18.908333333333335,2018,8,4,51.12,-114.01,CALGARY INTL A,15.4,Weather,8,-912.7884459702689,408.63308607649117,08/04/2018
216,216,-114.01000000000006,51.11999999999998,27.94583333333334,2018,8,5,51.12,-114.01,CALGARY INTL A,17.5,Weather,10,-1140.3453652991939,510.4024210212243,08/05/2018
217,217,-114.01000000000006,51.11999999999998,33.18750000000001,2018,8,6,51.12,-114.01,CALGARY INTL A,19.6,Weather,9,-1026.266896615968,459.6419155625724,08/06/2018
218,218,-114.01000000000006,51.11999999999998,14.966666666666674,2018,8,7,51.12,-114.01,CALGARY INTL A,21.7,Weather,8,-912.313079646737,408.32103964362517,08/07/2018
219,219,-114.01000000000006,51.11999999999998,6.708333333333332,2018,8,8,51.12,-114.01,CALGARY INTL A,20.8,Weather,16,-1825.353421674494,816.876923260142,08/08/2018
220,220,-114.01000000000006,51.11999999999998,7.937499999999997,2018,8,9,51.12,-114.01,CALGARY INTL A,23.5,Weather,14,-1596.836616324111,714.5561134257824,08/09/2018
221,221,-114.01000000000006,51.11999999999998,7.9291666666666645,2018,8,10,51.12,-114.01,CALGARY INTL A,26.2,Weather,21,-2394.669610103037,1072.0230308344703,08/10/2018
222,222,-114.01000000000006,51.11999999999998,6.8,2018,8,11,51.12,-114.01,CALGARY INTL A,20.1,Weather,18,-2053.1584425362717,918.8068491306587,08/11/2018
223,223,-114.01000000000006,51.11999999999998,13.162500000000001,2018,8,12,51.12,-114.01,CALGARY INTL A,13.9,Weather,9,-1026.2644794975408,459.307553876391,08/12/2018
224,224,-114.01000000000006,51.11999999999998,21.57916666666667,2018,8,13,51.12,-114.01,CALGARY INTL A,14.6,Weather,18,-2052.391743119383,919.0084968376498,08/13/2018
225,225,-114.01000000000006,51.11999999999998,9.991666666666665,2018,8,14,51.12,-114.01,CALGARY INTL A,18.7,Weather,23,-2623.1123456395444,1173.3406085933827,08/14/2018
226,226,-114.01000000000006,51.11999999999998,2.316666666666667,2018,8,15,51.12,-114.01,CALGARY INTL A,19.6,Weather,14,-1596.7639161682591,714.5007607292907,08/15/2018
227,227,-114.01000000000006,51.11999999999998,3.6333333333333346,2018,8,16,51.12,-114.01,CALGARY INTL A,19.3,Weather,14,-1597.1462081804473,714.926298320906,08/16/2018
228,228,-114.01000000000006,51.11999999999998,6.541666666666668,2018,8,17,51.12,-114.01,CALGARY INTL A,20.0,Weather,18,-2052.839103301827,918.4315912864855,08/17/2018
229,229,-114.01000000000006,51.11999999999998,4.720833333333335,2018,8,18,51.12,-114.01,CALGARY INTL A,13.5,Weather,9,-1026.124573507705,459.4246766031531,08/18/2018
230,230,-114.01000000000006,51.11999999999998,6.683333333333334,2018,8,19,51.12,-114.01,CALGARY INTL A,11.7,Weather,6,-684.1762114672899,306.3788035580044,08/19/2018
231,231,-114.01000000000006,51.11999999999998,8.329166666666671,2018,8,20,51.12,-114.01,CALGARY INTL A,15.0,Weather,12,-1368.818286465062,612.3027572189656,08/20/2018
232,232,-114.01000000000006,51.11999999999998,11.166666666666666,2018,8,21,51.12,-114.01,CALGARY INTL A,16.0,Weather,27,-3079.2279033246014,1377.6335572942003,08/21/2018
233,233,-114.01000000000006,51.11999999999998,8.575000000000001,2018,8,22,51.12,-114.01,CALGARY INTL A,20.6,Weather,22,-2508.969151310593,1122.9292608317237,08/22/2018
234,234,-114.01000000000006,51.11999999999998,4.4,2018,8,23,51.12,-114.01,CALGARY INTL A,19.4,Weather,14,-1596.438638120015,714.7051339668367,08/23/2018
235,235,-114.01000000000006,51.11999999999998,5.7416666666666645,2018,8,24,51.12,-114.01,CALGARY INTL A,12.4,Weather,22,-2509.240454874175,1122.8813464702441,08/24/2018
236,236,-114.01000000000006,51.11999999999998,7.395833333333335,2018,8,25,51.12,-114.01,CALGARY INTL A,12.8,Weather,9,-1026.423555165896,459.2111672228204,08/25/2018
237,237,-114.01000000000006,51.11999999999998,7.179166666666666,2018,8,26,51.12,-114.01,CALGARY INTL A,14.0,Weather,14,-1597.1191699245887,714.9564687867057,08/26/2018
238,238,-114.01000000000006,51.11999999999998,19.500000000000007,2018,8,27,51.12,-114.01,CALGARY INTL A,9.3,Weather,18,-2052.8582106139293,918.6747763658656,08/27/2018
239,239,-114.01000000000006,51.11999999999998,34.33749999999999,2018,8,28,51.12,-114.01,CALGARY INTL A,12.0,Weather,16,-1824.6485883085047,816.2113655602375,08/28/2018
240,240,-114.01000000000006,51.11999999999998,15.033333333333339,2018,8,29,51.12,-114.01,CALGARY INTL A,15.7,Weather,19,-2166.600401900221,969.80579854096,08/29/2018
241,241,-114.01000000000006,51.11999999999998,22.725000000000005,2018,8,30,51.12,-114.01,CALGARY INTL A,14.3,Weather,23,-2623.907503932814,1173.8204852611811,08/30/2018
242,242,-114.01000000000006,51.11999999999998,25.78750000000001,2018,8,31,51.12,-114.01,CALGARY INTL A,13.2,Weather,27,-3079.4256424748905,1378.0860377449999,08/31/2018
243,243,-114.01000000000006,51.11999999999998,21.50000000000001,2018,9,1,51.12,-114.01,CALGARY INTL A,11.7,Weather,18,-2053.36860402136,918.5655520185834,09/01/2018
244,244,-114.01000000000006,51.11999999999998,21.43333333333334,2018,9,2,51.12,-114.01,CALGARY INTL A,12.6,Weather,10,-1140.619100060066,510.4422851058042,09/02/2018
245,245,-114.01000000000006,51.11999999999998,23.045833333333338,2018,9,3,51.12,-114.01,CALGARY INTL A,11.2,Weather,8,-912.619634281574,408.6350074177821,09/03/2018
246,246,-114.01000000000006,51.11999999999998,21.43333333333334,2018,9,4,51.12,-114.01,CALGARY INTL A,9.8,Weather,16,-1824.7057835240912,816.8431090342259,09/04/2018
247,247,-114.01000000000006,51.11999999999998,21.37083333333334,2018,9,5,51.12,-114.01,CALGARY INTL A,12.0,Weather,26,-2965.2510637083674,1326.4893022810352,09/05/2018
248,248,-114.01000000000006,51.11999999999998,29.495833333333334,2018,9,6,51.12,-114.01,CALGARY INTL A,14.5,Weather,25,-2851.1368842154525,1275.7192374166225,09/06/2018
249,249,-114.01000000000006,51.11999999999998,20.57083333333334,2018,9,7,51.12,-114.01,CALGARY INTL A,17.7,Weather,28,-3193.3022418493174,1428.9997627045627,09/07/2018
250,250,-114.01000000000006,51.11999999999998,27.487499999999997,2018,9,8,51.12,-114.01,CALGARY INTL A,16.3,Weather,13,-1482.8818230987429,663.7160056408356,09/08/2018
251,251,-114.01000000000006,51.11999999999998,22.104166666666675,2018,9,9,51.12,-114.01,CALGARY INTL A,13.0,Weather,7,-798.358882832587,357.2517638948646,09/09/2018
252,252,-114.01000000000006,51.11999999999998,25.11666666666667,2018,9,10,51.12,-114.01,CALGARY INTL A,11.6,Weather,24,-2736.969103960184,1224.6937336265364,09/10/2018
253,253,-114.01000000000006,51.11999999999998,37.883333333333326,2018,9,11,51.12,-114.01,CALGARY INTL A,10.8,Weather,33,-3764.401374077968,1684.1214591826224,09/11/2018
254,254,-114.01000000000006,51.11999999999998,23.650000000000006,2018,9,12,51.12,-114.01,CALGARY INTL A,4.2,Weather,15,-1711.323748182359,766.3226088894495,09/12/2018
255,255,-114.01000000000006,51.11999999999998,21.500000000000004,2018,9,13,51.12,-114.01,CALGARY INTL A,0.3,Weather,11,-1254.3585915991596,561.3249461067028,09/13/2018
256,256,-114.01000000000006,51.11999999999998,11.245833333333335,2018,9,14,51.12,-114.01,CALGARY INTL A,1.1,Weather,13,-1482.4468798449657,663.5398731814327,09/14/2018
257,257,-114.01000000000006,51.11999999999998,6.75,2018,9,15,51.12,-114.01,CALGARY INTL A,3.5,Weather,8,-912.536961991525,408.4650972464738,09/15/2018
258,258,-114.01000000000006,51.11999999999998,7.879166666666667,2018,9,16,51.12,-114.01,CALGARY INTL A,2.6,Weather,15,-1710.615515876791,766.3680038286458,09/16/2018
259,259,-114.01000000000006,51.11999999999998,13.475000000000001,2018,9,17,51.12,-114.01,CALGARY INTL A,6.9,Weather,17,-1938.7471777902012,867.8431825140424,09/17/2018
260,260,-114.01000000000006,51.11999999999998,7.629166666666667,2018,9,18,51.12,-114.01,CALGARY INTL A,4.8,Weather,19,-2166.498908650619,969.3799210992233,09/18/2018
261,261,-114.01000000000006,51.11999999999998,12.612500000000002,2018,9,19,51.12,-114.01,CALGARY INTL A,7.4,Weather,12,-1368.8052221487837,612.4670494218328,09/19/2018
262,262,-114.01000000000006,51.11999999999998,9.595833333333333,2018,9,20,51.12,-114.01,CALGARY INTL A,5.1,Weather,24,-2736.6615197310293,1224.3885658139784,09/20/2018
263,263,-114.01000000000006,51.11999999999998,4.537499999999999,2018,9,21,51.12,-114.01,CALGARY INTL A,2.8,Weather,24,-2737.0138286531283,1224.7913384988435,09/21/2018
264,264,-114.01000000000006,51.11999999999998,4.7625,2018,9,22,51.12,-114.01,CALGARY INTL A,-0.2,Weather,17,-1939.4337673957393,868.0460114381523,09/22/2018
265,265,-114.01000000000006,51.11999999999998,7.175,2018,9,23,51.12,-114.01,CALGARY INTL A,3.3,Weather,16,-1824.8183482401,816.3764741226637,09/23/2018
266,266,-114.01000000000006,51.11999999999998,33.74999999999999,2018,9,24,51.12,-114.01,CALGARY INTL A,8.8,Weather,15,-1710.581005075786,765.5113642825901,09/24/2018
267,267,-114.01000000000006,51.11999999999998,43.59166666666666,2018,9,25,51.12,-114.01,CALGARY INTL A,10.5,Weather,22,-2508.9947971129104,1122.5147460002204,09/25/2018
268,268,-114.01000000000006,51.11999999999998,42.98333333333332,2018,9,26,51.12,-114.01,CALGARY INTL A,10.3,Weather,13,-1482.6036324201611,663.4132075697731,09/26/2018
269,269,-114.01000000000006,51.11999999999998,14.950000000000003,2018,9,27,51.12,-114.01,CALGARY INTL A,3.3,Weather,19,-2166.801392229512,969.9997059673971,09/27/2018
270,270,-114.01000000000006,51.11999999999998,24.24583333333334,2018,9,28,51.12,-114.01,CALGARY INTL A,3.6,Weather,23,-2622.981797219943,1174.2741646770676,09/28/2018
271,271,-114.01000000000006,51.11999999999998,21.912500000000005,2018,9,29,51.12,-114.01,CALGARY INTL A,0.7,Weather,24,-2738.0191081184566,1225.016949271168,09/29/2018
272,272,-114.01000000000006,51.11999999999998,17.420833333333338,2018,9,30,51.12,-114.01,CALGARY INTL A,-1.6,Weather,14,-1596.653356676404,714.5126788709032,09/30/2018
273,273,-114.01000000000006,51.11999999999998,5.075000000000002,2018,10,1,51.12,-114.01,CALGARY INTL A,-0.8,Weather,17,-1938.9121434654946,867.408334256348,10/01/2018
274,274,-114.01000000000006,51.11999999999998,2.6666666666666665,2018,10,2,51.12,-114.01,CALGARY INTL A,-3.0,Weather,43,-4903.112787689049,2194.3196013641937,10/02/2018
275,275,-114.01000000000006,51.11999999999998,34.04166666666667,2018,10,3,51.12,-114.01,CALGARY INTL A,-4.7,Weather,44,-5018.093953044508,2244.5918525776183,10/03/2018
276,276,-114.01000000000006,51.11999999999998,22.979166666666668,2018,10,4,51.12,-114.01,CALGARY INTL A,-1.2,Weather,31,-3536.56585725563,1582.4850779204219,10/04/2018
277,277,-114.01000000000006,51.11999999999998,33.52083333333334,2018,10,5,51.12,-114.01,CALGARY INTL A,0.1,Weather,32,-3648.7877124763595,1633.1834751615359,10/05/2018
278,278,-114.01000000000006,51.11999999999998,36.5375,2018,10,6,51.12,-114.01,CALGARY INTL A,2.5,Weather,16,-1825.3718193171148,816.8738030290763,10/06/2018
279,279,-114.01000000000006,51.11999999999998,38.88333333333333,2018,10,7,51.12,-114.01,CALGARY INTL A,3.0,Weather,1,-114.160535277846,51.0726403374347,10/07/2018
280,280,-114.01000000000006,51.11999999999998,10.425,2018,10,8,51.12,-114.01,CALGARY INTL A,-0.8,Weather,5,-570.242989410659,255.29106855784187,10/08/2018
281,281,-114.01000000000006,51.11999999999998,7.241666666666666,2018,10,9,51.12,-114.01,CALGARY INTL A,-3.7,Weather,29,-3306.7970190364354,1480.1785293552314,10/09/2018
282,282,-114.01000000000006,51.11999999999998,8.491666666666665,2018,10,10,51.12,-114.01,CALGARY INTL A,-2.1,Weather,13,-1482.688447862401,663.7947884914937,10/10/2018
283,283,-114.01000000000006,51.11999999999998,20.512500000000006,2018,10,11,51.12,-114.01,CALGARY INTL A,1.4,Weather,15,-1711.4990450702192,765.6214201199821,10/11/2018
284,284,-114.01000000000006,51.11999999999998,35.39999999999999,2018,10,12,51.12,-114.01,CALGARY INTL A,6.9,Weather,30,-3420.952844497256,1530.9763363608647,10/12/2018
285,285,-114.01000000000006,51.11999999999998,18.35416666666667,2018,10,13,51.12,-114.01,CALGARY INTL A,-1.0,Weather,13,-1482.4777176329587,663.4562042053084,10/13/2018
286,286,-114.01000000000006,51.11999999999998,44.24999999999999,2018,10,14,51.12,-114.01,CALGARY INTL A,3.4,Weather,7,-798.070341567553,357.2719287166618,10/14/2018
287,287,-114.01000000000006,51.11999999999998,44.587499999999984,2018,10,15,51.12,-114.01,CALGARY INTL A,10.1,Weather,24,-2736.773729548251,1224.575468224432,10/15/2018
288,288,-114.01000000000006,51.11999999999998,44.587499999999984,2018,10,16,51.12,-114.01,CALGARY INTL A,10.5,Weather,21,-2395.4964400721606,1071.72935865536,10/16/2018
289,289,-114.01000000000006,51.11999999999998,44.587499999999984,2018,10,17,51.12,-114.01,CALGARY INTL A,11.7,Weather,35,-3991.4250738987,1786.0241340723373,10/17/2018
290,290,-114.01000000000006,51.11999999999998,34.18750000000001,2018,10,18,51.12,-114.01,CALGARY INTL A,10.4,Weather,16,-1824.56499724981,816.8083651036806,10/18/2018
291,291,-114.01000000000006,51.11999999999998,31.50000000000001,2018,10,19,51.12,-114.01,CALGARY INTL A,6.2,Weather,25,-2851.166428788266,1276.554982573885,10/19/2018
292,292,-114.01000000000006,51.11999999999998,36.5375,2018,10,20,51.12,-114.01,CALGARY INTL A,10.6,Weather,21,-2395.3648756867597,1072.1209605851368,10/20/2018
293,293,-114.01000000000006,51.11999999999998,35.19583333333334,2018,10,21,51.12,-114.01,CALGARY INTL A,4.7,Weather,9,-1026.3795735897152,459.2211473879079,10/21/2018
294,294,-114.01000000000006,51.11999999999998,36.52916666666667,2018,10,22,51.12,-114.01,CALGARY INTL A,5.0,Weather,21,-2395.3631877218545,1072.6073297848432,10/22/2018
295,295,-114.01000000000006,51.11999999999998,38.87916666666667,2018,10,23,51.12,-114.01,CALGARY INTL A,7.8,Weather,25,-2851.6627505679753,1276.2000950824547,10/23/2018
296,296,-114.01000000000006,51.11999999999998,41.566666666666656,2018,10,24,51.12,-114.01,CALGARY INTL A,8.9,Weather,21,-2394.923168539727,1072.1057563428428,10/24/2018
297,297,-114.01000000000006,51.11999999999998,44.24999999999999,2018,10,25,51.12,-114.01,CALGARY INTL A,7.3,Weather,18,-2052.437052398321,918.6741302985133,10/25/2018
298,298,-114.01000000000006,51.11999999999998,37.87500000000001,2018,10,26,51.12,-114.01,CALGARY INTL A,7.7,Weather,36,-4105.403287998311,1837.1387829155324,10/26/2018
299,299,-114.01000000000006,51.11999999999998,40.926086956521736,2018,10,27,51.12,-114.01,CALGARY INTL A,,Weather,15,-1711.03101654117,663.5397922580147,10/27/2018
300,300,-114.01000000000006,51.11999999999998,38.545833333333334,2018,10,28,51.12,-114.01,CALGARY INTL A,6.4,Weather,4,-456.341535223297,204.1241331501997,10/28/2018
301,301,-114.01000000000006,51.11999999999998,44.587499999999984,2018,10,29,51.12,-114.01,CALGARY INTL A,4.7,Weather,25,-2850.6973153620193,1275.5186959273178,10/29/2018
302,302,-114.01000000000006,51.11999999999998,44.24999999999999,2018,10,30,51.12,-114.01,CALGARY INTL A,5.1,Weather,24,-2737.5535183758866,1224.7806601860257,10/30/2018
303,303,-114.01000000000006,51.11999999999998,40.55833333333333,2018,10,31,51.12,-114.01,CALGARY INTL A,5.7,Weather,19,-2166.9643162004118,969.6563696996174,10/31/2018
304,304,-114.01000000000006,51.11999999999998,36.39999999999999,2018,11,1,51.12,-114.01,CALGARY INTL A,4.1,Weather,13,-1482.5837745317333,663.4181634742833,11/01/2018
305,305,-114.01000000000006,51.11999999999998,13.175000000000004,2018,11,2,51.12,-114.01,CALGARY INTL A,1.0,Weather,16,-1824.228135413543,816.9592183086331,11/02/2018
306,306,-114.01000000000006,51.11999999999998,40.891666666666666,2018,11,3,51.12,-114.01,CALGARY INTL A,4.6,Weather,7,-798.433911273012,357.207174889756,11/03/2018
307,307,-114.01000000000006,51.11999999999998,33.595833333333324,2018,11,4,51.12,-114.01,CALGARY INTL A,5.2,Weather,5,-570.504329384751,255.3951129633311,11/04/2018
308,308,-114.01000000000006,51.11999999999998,14.887500000000001,2018,11,5,51.12,-114.01,CALGARY INTL A,-5.5,Weather,37,-4221.424674994684,1888.2038828163343,11/05/2018
309,309,-114.01000000000006,51.11999999999998,5.758333333333334,2018,11,6,51.12,-114.01,CALGARY INTL A,-8.5,Weather,13,-1482.6146428564941,663.717468894675,11/06/2018
310,310,-114.01000000000006,51.11999999999998,31.387500000000003,2018,11,7,51.12,-114.01,CALGARY INTL A,-7.4,Weather,22,-2508.901668457958,1122.4038673543782,11/07/2018
311,311,-114.01000000000006,51.11999999999998,42.17083333333333,2018,11,8,51.12,-114.01,CALGARY INTL A,-6.8,Weather,17,-1938.3455065372002,867.0156342360074,11/08/2018
312,312,-114.01000000000006,51.11999999999998,32.725,2018,11,9,51.12,-114.01,CALGARY INTL A,-2.0,Weather,27,-3079.627727634413,1378.3499616644467,11/09/2018
313,313,-114.01000000000006,51.11999999999998,27.483333333333338,2018,11,10,51.12,-114.01,CALGARY INTL A,0.2,Weather,12,-1368.5285580104962,611.8190297862217,11/10/2018
314,314,-114.01000000000006,51.11999999999998,12.137500000000001,2018,11,11,51.12,-114.01,CALGARY INTL A,-4.2,Weather,10,-1140.3748493874753,510.84218656211254,11/11/2018
315,315,-114.01000000000006,51.11999999999998,42.908333333333324,2018,11,12,51.12,-114.01,CALGARY INTL A,0.1,Weather,14,-1596.7498327516241,714.6780148569906,11/12/2018
316,316,-114.01000000000006,51.11999999999998,41.229166666666664,2018,11,13,51.12,-114.01,CALGARY INTL A,7.3,Weather,20,-2280.837473412508,1020.930090937103,11/13/2018
317,317,-114.01000000000006,51.11999999999998,38.541666666666664,2018,11,14,51.12,-114.01,CALGARY INTL A,5.8,Weather,20,-2280.997920549598,1021.1454652344626,11/14/2018
318,318,-114.01000000000006,51.11999999999998,41.62173913043478,2018,11,15,51.12,-114.01,CALGARY INTL A,,Weather,24,-2737.4031086964087,1225.5700505623502,11/15/2018
319,319,-114.01000000000006,51.11999999999998,5.6375,2018,11,16,51.12,-114.01,CALGARY INTL A,-5.9,Weather,21,-2395.1310417891846,1072.2512566000535,11/16/2018
320,320,-114.01000000000006,51.11999999999998,41.30416666666667,2018,11,17,51.12,-114.01,CALGARY INTL A,-6.7,Weather,27,-3079.3735314138,1378.451372784297,11/17/2018
321,321,-114.01000000000006,51.11999999999998,32.50416666666667,2018,11,18,51.12,-114.01,CALGARY INTL A,0.6,Weather,7,-798.3305057140051,357.4290213431046,11/18/2018
322,322,-114.01000000000006,51.11999999999998,41.229166666666664,2018,11,19,51.12,-114.01,CALGARY INTL A,4.5,Weather,27,-3079.3149473019776,1378.0244711230612,11/19/2018
323,323,-114.01000000000006,51.11999999999998,41.229166666666664,2018,11,20,51.12,-114.01,CALGARY INTL A,6.2,Weather,14,-1596.7110481412199,714.4110726933427,11/20/2018
324,324,-114.01000000000006,51.11999999999998,40.891666666666666,2018,11,21,51.12,-114.01,CALGARY INTL A,3.6,Weather,14,-1596.6168620820813,714.4646179692127,11/21/2018
325,325,-114.01000000000006,51.11999999999998,40.891666666666666,2018,11,22,51.12,-114.01,CALGARY INTL A,4.2,Weather,19,-2167.455839646801,969.7302331467807,11/22/2018
326,326,-114.01000000000006,51.11999999999998,10.8125,2018,11,23,51.12,-114.01,CALGARY INTL A,-1.9,Weather,50,-5702.487562361873,2553.0122560402215,11/23/2018
327,327,-114.01000000000006,51.11999999999998,6.854166666666667,2018,11,24,51.12,-114.01,CALGARY INTL A,-6.4,Weather,12,-1368.680007928555,612.7228917552784,11/24/2018
328,328,-114.01000000000006,51.11999999999998,36.19583333333333,2018,11,25,51.12,-114.01,CALGARY INTL A,-3.3,Weather,8,-912.3107525313859,408.16691980480977,11/25/2018
329,329,-114.01000000000006,51.11999999999998,40.891666666666666,2018,11,26,51.12,-114.01,CALGARY INTL A,-1.8,Weather,11,-1254.456904465472,561.4607933562697,11/26/2018
330,330,-114.01000000000006,51.11999999999998,40.891666666666666,2018,11,27,51.12,-114.01,CALGARY INTL A,5.8,Weather,23,-2622.7339642541137,1173.594546407729,11/27/2018
331,331,-114.01000000000006,51.11999999999998,40.891666666666666,2018,11,28,51.12,-114.01,CALGARY INTL A,3.9,Weather,19,-2167.0592032130753,969.8827182560481,11/28/2018
332,332,-114.01000000000006,51.11999999999998,38.208333333333336,2018,11,29,51.12,-114.01,CALGARY INTL A,0.0,Weather,4,-456.298839474531,204.19128622624442,11/29/2018
333,333,-114.01000000000006,51.11999999999998,33.84583333333334,2018,11,30,51.12,-114.01,CALGARY INTL A,-3.3,Weather,10,-1140.391640776797,510.3208444258953,11/30/2018
334,334,-114.01000000000006,51.11999999999998,8.854166666666666,2018,12,1,51.12,-114.01,CALGARY INTL A,-3.7,Weather,17,-1938.793856334769,868.1356055734202,12/01/2018
335,335,-114.01000000000006,51.11999999999998,11.820833333333335,2018,12,2,51.12,-114.01,CALGARY INTL A,-3.7,Weather,21,-2394.700568616993,1071.594802575301,12/02/2018
336,336,-114.01000000000006,51.11999999999998,32.88695652173914,2018,12,3,51.12,-114.01,CALGARY INTL A,,Weather,29,-3307.10013278462,1479.1847957168154,12/03/2018
337,337,-114.01000000000006,51.11999999999998,37.20833333333332,2018,12,4,51.12,-114.01,CALGARY INTL A,-4.4,Weather,27,-3079.46111525024,1378.0092338909672,12/04/2018
338,338,-114.01000000000006,51.11999999999998,24.47916666666667,2018,12,5,51.12,-114.01,CALGARY INTL A,-8.5,Weather,29,-3306.827554581802,1479.7647637012533,12/05/2018
339,339,-114.01000000000006,51.11999999999998,38.475,2018,12,6,51.12,-114.01,CALGARY INTL A,-10.8,Weather,26,-2964.865562513128,1326.3734399104646,12/06/2018
340,340,-114.01000000000006,51.11999999999998,40.891666666666666,2018,12,7,51.12,-114.01,CALGARY INTL A,-7.4,Weather,28,-3193.398438381993,1429.1619195208023,12/07/2018
341,341,-114.01000000000006,51.11999999999998,40.891666666666666,2018,12,8,51.12,-114.01,CALGARY INTL A,-4.5,Weather,17,-1938.705941863516,867.281209731234,12/08/2018
342,342,-114.01000000000006,51.11999999999998,40.891666666666666,2018,12,9,51.12,-114.01,CALGARY INTL A,-1.1,Weather,11,-1254.48968471971,561.6593542058305,12/09/2018
343,343,-114.01000000000006,51.11999999999998,35.858333333333334,2018,12,10,51.12,-114.01,CALGARY INTL A,3.9,Weather,20,-2280.8486879494253,1020.9655057116697,12/10/2018
344,344,-114.01000000000006,51.11999999999998,36.19583333333333,2018,12,11,51.12,-114.01,CALGARY INTL A,-0.8,Weather,9,-1026.400817267883,459.2173806970775,12/11/2018
345,345,-114.01000000000006,51.11999999999998,38.00833333333333,2018,12,12,51.12,-114.01,CALGARY INTL A,0.0,Weather,24,-2737.2609216384412,1225.2053510380392,12/12/2018
346,346,-114.01000000000006,51.11999999999998,39.2125,2018,12,13,51.12,-114.01,CALGARY INTL A,0.1,Weather,24,-2736.6541941187493,1224.4762976721918,12/13/2018
347,347,-114.01000000000006,51.11999999999998,38.541666666666664,2018,12,14,51.12,-114.01,CALGARY INTL A,1.2,Weather,27,-3079.565635296486,1378.2769886999913,12/14/2018
348,348,-114.01000000000006,51.11999999999998,39.2125,2018,12,15,51.12,-114.01,CALGARY INTL A,0.5,Weather,20,-2281.395294374795,1020.945659475286,12/15/2018
349,349,-114.01000000000006,51.11999999999998,35.858333333333334,2018,12,16,51.12,-114.01,CALGARY INTL A,-1.8,Weather,7,-798.6205927556459,357.38819568279655,12/16/2018
350,350,-114.01000000000006,51.11999999999998,35.520833333333336,2018,12,17,51.12,-114.01,CALGARY INTL A,1.5,Weather,17,-1938.6173452356181,867.9287399975187,12/17/2018
351,351,-114.01000000000006,51.11999999999998,35.858333333333334,2018,12,18,51.12,-114.01,CALGARY INTL A,2.1,Weather,17,-1939.0871291176672,867.4546892506255,12/18/2018
352,352,-114.01000000000006,51.11999999999998,38.541666666666664,2018,12,19,51.12,-114.01,CALGARY INTL A,2.2,Weather,25,-2852.2404579613235,1276.3031193698712,12/19/2018
353,353,-114.01000000000006,51.11999999999998,34.516666666666666,2018,12,20,51.12,-114.01,CALGARY INTL A,2.9,Weather,23,-2622.9799460996865,1173.5730455273963,12/20/2018
354,354,-114.01000000000006,51.11999999999998,37.195833333333326,2018,12,21,51.12,-114.01,CALGARY INTL A,1.2,Weather,28,-3193.458316108587,1429.3335005206163,12/21/2018
355,355,-114.01000000000006,51.11999999999998,39.88333333333333,2018,12,22,51.12,-114.01,CALGARY INTL A,-5.3,Weather,13,-1482.3761675214203,663.5938087591086,12/22/2018
356,356,-114.01000000000006,51.11999999999998,38.87499999999999,2018,12,23,51.12,-114.01,CALGARY INTL A,-2.6,Weather,5,-570.301419808239,255.4239358523389,12/23/2018
357,357,-114.01000000000006,51.11999999999998,33.654166666666654,2018,12,24,51.12,-114.01,CALGARY INTL A,-8.0,Weather,14,-1596.915515196576,715.23538076724,12/24/2018
358,358,-114.01000000000006,51.11999999999998,27.724999999999998,2018,12,25,51.12,-114.01,CALGARY INTL A,-5.9,Weather,13,-1481.9655870692861,663.8184940859055,12/25/2018
359,359,-114.01000000000006,51.11999999999998,3.316666666666667,2018,12,26,51.12,-114.01,CALGARY INTL A,-6.3,Weather,5,-570.0816896457709,255.18234721052622,12/26/2018
360,360,-114.01000000000006,51.11999999999998,12.65,2018,12,27,51.12,-114.01,CALGARY INTL A,-7.3,Weather,21,-2395.167634259872,1071.9019694610972,12/27/2018
361,361,-114.01000000000006,51.11999999999998,40.891666666666666,2018,12,28,51.12,-114.01,CALGARY INTL A,-5.6,Weather,10,-1140.847579428209,510.318638346086,12/28/2018
362,362,-114.01000000000006,51.11999999999998,38.474999999999994,2018,12,29,51.12,-114.01,CALGARY INTL A,2.6,Weather,4,-456.051354253212,204.0455695264259,12/29/2018
363,363,-114.01000000000006,51.11999999999998,16.958333333333332,2018,12,30,51.12,-114.01,CALGARY INTL A,-4.9,Weather,11,-1254.715392817912,561.3268989504176,12/30/2018
364,364,-114.01000000000006,51.11999999999998,38.145833333333336,2018,12,31,51.12,-114.01,CALGARY INTL A,-11.4,Weather,13,-1482.3818050845512,663.5457346850725,12/31/2018
